source1_entity_id	matched_entity_ids
S1-925783039	S2-375151053,S3-150632472
S1-773889195	S3-604980231,S2-701289183
S1-377745466	S2-89663826,S3-323904182
S1-133037285	S3-218566871,S3-374810425
S1-755362802	S2-192345572,S2-767997013,S3-536202929
S1-851869949	S3-150632472,S2-375151053
S1-785847572	S3-517069981,S3-184785497,S2-578788567
S1-27541239	S2-89663826,S3-604980231
S1-629417405	S2-375151053,S3-323904182
S1-22305073	S3-10300249,S2-340420883
S1-504790211	S2-317480348,S3-577972146,S3-604980231
S1-564729135	S2-578788567,S3-536202929,S3-374810425
S1-236312382	S2-192345572,S3-517069981